{
  "name": "FacePile",
  "notes": "",
  "template": "FacePile.html",
  "class": "ms-FacePile",
  "dependencies": [
    "Overlay",
    "Link",
    "Panel",
    "PeoplePicker",
    "Persona",
    "PersonaCard",
    "Spinner",
    "ContextualHost"
  ],
  "props": {
    "members": [
      {
        "component": "Persona",
        "props": {
          "initials": "AL",
          "initialsColor": "blue",
          "image": "../persona/Persona.Person2.png",
          "primaryText": "Alton Lafferty",
          "secondaryText": "Accountant",
          "modifiers": [
            {
              "name": "facePile"
            }
          ],
          "personaCardProps":  {
            "personaProps": {
              "initials": "AL",
              "initialsColor": "blue",
              "image": "../persona/Persona.Person2.png",
              "primaryText": "Alton Lafferty",
              "secondaryText": "Accountant",
              "tertiaryText": "In a meeting",
              "optionalText": "Available at 4:00pm",
              "modifiers":  [
                {
                  "name": "lg"
                }
              ]
            },
            "orgChartProps": {
              "groups": [
                {
                  "personas": [
                    {
                      "component": "Persona",
                      "props": {
                        "initials": "RM",
                        "initialsColor": "blue",
                        "image": "../persona/Persona.Person2.png",
                        "primaryText": "Russel Miller",
                        "secondaryText": "Sales"
                      }
                    },
                    {
                      "component": "Persona",
                      "props": {
                        "initials": "RM",
                        "initialsColor": "blue",
                        "image": "../persona/Persona.Person2.png",
                        "primaryText": "Douglas Fielder",
                        "secondaryText": "Public Relations"
                      }
                    }
                  ]
                },
                {
                  "title": "Manager",
                  "personas": [
                    {
                      "component": "Persona",
                      "props": {
                        "initials": "RM",
                        "initialsColor": "blue",
                        "image": "../persona/Persona.Person2.png",
                        "primaryText": "Grant Steel",
                        "secondaryText": "Sales"
                      }
                    }
                  ]
                },
                {
                  "title": "Staff",
                  "personas": [
                    {
                      "component": "Persona",
                      "props": {
                        "initials": "RM",
                        "initialsColor": "blue",
                        "image": "../persona/Persona.Person2.png",
                        "primaryText": "Harvey Wallin",
                        "secondaryText": "Public Relations"
                      }
                    },
                    {
                      "component": "Persona",
                      "props": {
                        "initials": "RM",
                        "initialsColor": "blue",
                        "image": "../persona/Persona.Person2.png",
                        "primaryText": "Marcus Lauer",
                        "secondaryText": "Technical Support"
                      }
                    },
                    {
                      "component": "Persona",
                      "props": {
                        "initials": "RM",
                        "initialsColor": "blue",
                        "image": "../persona/Persona.Person2.png",
                        "primaryText": "Marcel Groce",
                        "secondaryText": "Delivery"
                      }
                    },
                    {
                      "component": "Persona",
                      "props": {
                        "initials": "RM",
                        "initialsColor": "blue",
                        "image": "../persona/Persona.Person2.png",
                        "primaryText": "Jessica Fischer",
                        "secondaryText": "Marketing"
                      }
                    }
                  ]
                }
              ]
            }
          }
        }
      },
       {
        "component": "Persona",
        "props": {
          "initials": "ML",
          "initialsColor": "purple",
          "primaryText": "Marcus Lauer",
          "secondaryText": "Accountant",
          "modifiers": [
            {
              "name": "facePile"
            }
          ],
          "personaCardProps":  {
            "personaProps": {
              "initials": "ML",
              "initialsColor": "purple",
              "primaryText": "Marcus Lauer",
              "secondaryText": "Accountant",
              "tertiaryText": "In a meeting",
              "optionalText": "Available at 4:00pm",
              "modifiers":  [
                {
                  "name": "lg"
                }
              ]
            },
            "orgChartProps": {
              "groups": [
                {
                  "personas": [
                    {
                      "component": "Persona",
                      "props": {
                        "initials": "RM",
                        "initialsColor": "blue",
                        "image": "../persona/Persona.Person2.png",
                        "primaryText": "Russel Miller",
                        "secondaryText": "Sales"
                      }
                    },
                    {
                      "component": "Persona",
                      "props": {
                        "initials": "RM",
                        "initialsColor": "blue",
                        "image": "../persona/Persona.Person2.png",
                        "primaryText": "Douglas Fielder",
                        "secondaryText": "Public Relations"
                      }
                    }
                  ]
                },
                {
                  "title": "Manager",
                  "personas": [
                    {
                      "component": "Persona",
                      "props": {
                        "initials": "RM",
                        "initialsColor": "blue",
                        "image": "../persona/Persona.Person2.png",
                        "primaryText": "Grant Steel",
                        "secondaryText": "Sales"
                      }
                    }
                  ]
                },
                {
                  "title": "Staff",
                  "personas": [
                    {
                      "component": "Persona",
                      "props": {
                        "initials": "RM",
                        "initialsColor": "blue",
                        "image": "../persona/Persona.Person2.png",
                        "primaryText": "Harvey Wallin",
                        "secondaryText": "Public Relations"
                      }
                    },
                    {
                      "component": "Persona",
                      "props": {
                        "initials": "RM",
                        "initialsColor": "blue",
                        "image": "../persona/Persona.Person2.png",
                        "primaryText": "Marcus Lauer",
                        "secondaryText": "Technical Support"
                      }
                    },
                    {
                      "component": "Persona",
                      "props": {
                        "initials": "RM",
                        "initialsColor": "blue",
                        "image": "../persona/Persona.Person2.png",
                        "primaryText": "Marcel Groce",
                        "secondaryText": "Delivery"
                      }
                    },
                    {
                      "component": "Persona",
                      "props": {
                        "initials": "RM",
                        "initialsColor": "blue",
                        "image": "../persona/Persona.Person2.png",
                        "primaryText": "Jessica Fischer",
                        "secondaryText": "Marketing"
                      }
                    }
                  ]
                }
              ]
            }
          }
        }
      },
      {
        "component": "Persona",
        "props": {
          "initials": "DF",
          "initialsColor": "green",
          "primaryText": "Alton Lafferty",
          "secondaryText": "Accountant",
          "modifiers": [
            {
              "name": "facePile"
            }
          ],
          "personaCardProps":  {
            "personaProps": {
              "initials": "AL",
              "initialsColor": "blue",
              "image": "../persona/Persona.Person2.png",
              "primaryText": "Alton Lafferty",
              "secondaryText": "Accountant",
              "tertiaryText": "In a meeting",
              "optionalText": "Available at 4:00pm",
              "modifiers":  [
                {
                  "name": "lg"
                }
              ]
            },
            "orgChartProps": {
              "groups": [
                {
                  "personas": [
                    {
                      "component": "Persona",
                      "props": {
                        "initials": "RM",
                        "initialsColor": "blue",
                        "image": "../persona/Persona.Person2.png",
                        "primaryText": "Russel Miller",
                        "secondaryText": "Sales"
                      }
                    },
                    {
                      "component": "Persona",
                      "props": {
                        "initials": "RM",
                        "initialsColor": "blue",
                        "image": "../persona/Persona.Person2.png",
                        "primaryText": "Douglas Fielder",
                        "secondaryText": "Public Relations"
                      }
                    }
                  ]
                },
                {
                  "title": "Manager",
                  "personas": [
                    {
                      "component": "Persona",
                      "props": {
                        "initials": "RM",
                        "initialsColor": "blue",
                        "image": "../persona/Persona.Person2.png",
                        "primaryText": "Grant Steel",
                        "secondaryText": "Sales"
                      }
                    }
                  ]
                },
                {
                  "title": "Staff",
                  "personas": [
                    {
                      "component": "Persona",
                      "props": {
                        "initials": "RM",
                        "initialsColor": "blue",
                        "image": "../persona/Persona.Person2.png",
                        "primaryText": "Harvey Wallin",
                        "secondaryText": "Public Relations"
                      }
                    },
                    {
                      "component": "Persona",
                      "props": {
                        "initials": "RM",
                        "initialsColor": "blue",
                        "image": "../persona/Persona.Person2.png",
                        "primaryText": "Marcus Lauer",
                        "secondaryText": "Technical Support"
                      }
                    },
                    {
                      "component": "Persona",
                      "props": {
                        "initials": "RM",
                        "initialsColor": "blue",
                        "image": "../persona/Persona.Person2.png",
                        "primaryText": "Marcel Groce",
                        "secondaryText": "Delivery"
                      }
                    },
                    {
                      "component": "Persona",
                      "props": {
                        "initials": "RM",
                        "initialsColor": "blue",
                        "image": "../persona/Persona.Person2.png",
                        "primaryText": "Jessica Fischer",
                        "secondaryText": "Marketing"
                      }
                    }
                  ]
                }
              ]
            }
          }
        }
      }
    ]
  }
}
