{
  "name": "ListItem",
  "notes": "",
  "description": "List item variants that are placed inside of the {0} List {1} component. List variants support several states including Selectable, Selected, Unseen, Picture, Picture, and Document.",
  "template": "ListItem.html",
  "class": "ms-ListItem",
  "fileOrder": [
    "ListItem.html",
    "ListItem.Selectable.html",
    "ListItem.Selected.html",
    "ListItem.Unseen.html",
    "ListItem.Unread.html",
    "ListItem.Image.html",
    "ListItem.Document.html"
  ],
  "dependencies": [
    "List"
  ],
  "props":  {
    "primaryText": "Alton Lafferty",
    "secondaryText": "Meeting notes",
    "tertiaryText": "Today we discussed the importance of a, b, and c in regards to d.",
    "metaText": "2:42p",
    "actions": [{}]
  },
  "propsDocument":  {
    "primaryText": "Alton Lafferty",
    "secondaryText": "Meeting notes",
    "metaText": "2:42p",
    "modifier": "document",
    "listIcon": "ppt",
    "actions": [{}]
  },
  "propsImage":  {
    "primaryText": "Alton Lafferty",
    "secondaryText": "Meeting notes",
    "tertiaryText": "Today we discussed the importance of a, b, and c in regards to d.",
    "metaText": "2:42p",
    "image": true,
    "modifier": "image",
    "actions": [{}]
  },
  "propsSelectable": {
    "primaryText": "Alton Lafferty",
    "secondaryText": "Meeting notes",
    "tertiaryText": "Today we discussed the importance of a, b, and c in regards to d.",
    "metaText": "2:42p",
    "state": "is-selectable",
    "actions": [{}]
  },
  "propsSelected": {
    "primaryText": "Alton Lafferty",
    "secondaryText": "Meeting notes",
    "tertiaryText": "Today we discussed the importance of a, b, and c in regards to d.",
    "metaText": "2:42p",
    "state": "is-selected is-selectable",
    "actions": [{}]
  },
  "propsUnread": {
    "primaryText": "Alton Lafferty",
    "secondaryText": "Meeting notes",
    "tertiaryText": "Today we discussed the importance of a, b, and c in regards to d.",
    "metaText": "2:42p",
    "state": "is-unread is-selectable",
    "actions": [{}]
  },
  "propsUnseen": {
    "primaryText": "Alton Lafferty",
    "secondaryText": "Meeting notes",
    "tertiaryText": "Today we discussed the importance of a, b, and c in regards to d.",
    "metaText": "2:42p",
    "state": "is-unseen is-selectable",
    "actions": [{}]
  }
}
