{
  "name": "PanelHost",
  "notes": "",
  "description": "Containers used in experiences that do not require explicit context for heavy-weight creation/edit/management tasks such as settings, multi-field forms, and permissions. For containers used for complex tasks that requires context, use a separate Pane alongside the existing experience such as a List/Details layout.",
  "template": "PanelHost.html",
  "class": "ms-PanelHost",
  "wrapBranches": true,
  "dependencies": [
    "Overlay"
  ],
  "fileOrder": [
    "PanelHost.html"
  ],
  "props": {
    "headerText": "PanelHost",
    "content": "Content goes here"
  }
}