{
  "name": "ChoiceFieldGroup",
  "notes": "Radio buttons and checkboxes.",
  "description": "A set of components that allows users to select one or many of a set number of choices. This takes the form of a Radio button for selection of only 1 choice among many or Checkboxes for multiple selections.",
  "class": "ms-ChoiceField",
  "dependencies": [
    "Label",
    "CheckBox"
  ],
  "props": {
   "title": "Unselected",
   "required": true,
   "fields": [
     {
       "component": "CheckBox",
       "props": {
        "label": "Option 1",
        "modifier": "",
        "name": "choicefieldgroup",
        "id": "option1",
        "checked": false,
        "disabled": false,
        "type": "radio"
       }
     },
     {
       "component": "CheckBox",
       "props": {
          "label": "Option 2",
          "modifier": "",
          "name": "choicefieldgroup",
          "id": "option2",
          "checked": false,
          "disabled": false,
          "type": "radio"
        }
     },
     {
       "component": "CheckBox",
       "props": {
          "label": "Option 3",
          "modifier": "",
          "name": "choicefieldgroup",
          "id": "option3",
          "checked": false,
          "disabled": false,
          "type": "radio"
        }
     },
     {
       "component": "CheckBox",
       "props": {
          "label": "Option 4",
          "modifier": "",
          "name": "choicefieldgroup",
          "id": "option4",
          "checked": false,
          "disabled": false,
          "type": "radio"
        }
     }
   ]
  }
}
